-- CoreOps seed data — synthetic, NO real PII
-- Generated: 2026-06-15T14:36:59.701Z
-- For local Supabase dev only. Do NOT apply to production.

-- Create a seed auth user so the businesses FK is satisfied.
-- Password: SeedDev123! (local dev only — never use in production)
insert into auth.users (id, instance_id, email, encrypted_password, email_confirmed_at, aud, role, created_at, updated_at)
values (
  'db3ec1a7-6b44-4d9b-ac54-6602e9a6e9f0',
  '00000000-0000-0000-0000-000000000000',
  'seed-owner@coreops.local',
  '$2a$10$N9qo8uLOickgx2ZMRZoMyeIjZAgcfl7p92ldGxad68LJZdL17lh9i',
  now(), 'authenticated', 'authenticated', now(), now()
) on conflict (id) do nothing;

insert into businesses (id, owner_user_id, name, owner_phone, gstin, timezone)
values ('b5a984fa-8b29-4b6b-9685-0726aa1416d8', 'db3ec1a7-6b44-4d9b-ac54-6602e9a6e9f0', 'Sharma Trading Co. (Seed)', '+919876543210', '27AABCS1429B1Z1', 'Asia/Kolkata')
on conflict (owner_user_id) do nothing;

-- Customers
insert into customers (id, business_id, external_id, name, phone, email, credit_limit) values ('76223c71-ba54-4535-bf27-2881ad7361c8', 'b5a984fa-8b29-4b6b-9685-0726aa1416d8', 'ZOHO-CUST-001', 'Sharma Trading Co.', '+919302098172', 'accounts@sharmatradingco.com', 100000);
insert into customers (id, business_id, external_id, name, phone, email, credit_limit) values ('0cee5428-944b-41b4-9479-d7b843f98e1f', 'b5a984fa-8b29-4b6b-9685-0726aa1416d8', 'ZOHO-CUST-002', 'Mehta Distributors', '+919451206888', 'accounts@mehtadistributors.com', 150000);
insert into customers (id, business_id, external_id, name, phone, email, credit_limit) values ('b1a787e4-87fe-4434-b172-3a86e83ee794', 'b5a984fa-8b29-4b6b-9685-0726aa1416d8', 'ZOHO-CUST-003', 'Patel Wholesale', '+919314511013', 'accounts@patelwholesale.com', 500000);
insert into customers (id, business_id, external_id, name, phone, email, credit_limit) values ('fc1e1ee1-2f7c-46d9-ab16-ac3d762e0c45', 'b5a984fa-8b29-4b6b-9685-0726aa1416d8', 'ZOHO-CUST-004', 'Gupta Enterprises', '+919158559501', 'accounts@guptaenterprises.com', 150000);
insert into customers (id, business_id, external_id, name, phone, email, credit_limit) values ('9f18e179-551b-49db-bada-14769214d70a', 'b5a984fa-8b29-4b6b-9685-0726aa1416d8', 'ZOHO-CUST-005', 'Singh & Sons', '+919692143901', 'accounts@singhsons.com', 200000);
insert into customers (id, business_id, external_id, name, phone, email, credit_limit) values ('4676ec51-69b6-4b79-b2f6-766d47fcb93a', 'b5a984fa-8b29-4b6b-9685-0726aa1416d8', 'ZOHO-CUST-006', 'Kumar Suppliers', '+919460301567', 'accounts@kumarsuppliers.com', 50000);
insert into customers (id, business_id, external_id, name, phone, email, credit_limit) values ('22695f4f-bb7f-4043-b628-20beafccc446', 'b5a984fa-8b29-4b6b-9685-0726aa1416d8', 'ZOHO-CUST-007', 'Agarwal Traders', '+919462278704', 'accounts@agarwaltraders.com', 100000);
insert into customers (id, business_id, external_id, name, phone, email, credit_limit) values ('7a02fd22-127d-46b3-8576-a061cc8b5c20', 'b5a984fa-8b29-4b6b-9685-0726aa1416d8', 'ZOHO-CUST-008', 'Joshi Brothers', '+919120224379', 'accounts@joshibrothers.com', 200000);
insert into customers (id, business_id, external_id, name, phone, email, credit_limit) values ('b3c0b3bc-8c8d-4c1c-ae64-955515ca6a82', 'b5a984fa-8b29-4b6b-9685-0726aa1416d8', 'ZOHO-CUST-009', 'Verma Electronics', '+919153820509', 'accounts@vermaelectronics.com', 500000);
insert into customers (id, business_id, external_id, name, phone, email, credit_limit) values ('b3fa3a38-b183-4d32-b4f1-00ad0d8bb9ca', 'b5a984fa-8b29-4b6b-9685-0726aa1416d8', 'ZOHO-CUST-010', 'Rao Provisions', '+919363896599', 'accounts@raoprovisions.com', 150000);

-- Invoices
insert into invoices (id, business_id, customer_id, external_id, invoice_number, amount, amount_paid, currency, issue_date, due_date, status, notes) values ('fe848da1-430e-45bd-a408-b87429d6c3a5', 'b5a984fa-8b29-4b6b-9685-0726aa1416d8', '76223c71-ba54-4535-bf27-2881ad7361c8', 'ZOHO-INV-0001', 'INV-2026-0001', 91000, 22750, 'INR', '2026-08-24', '2026-03-07', 'partial', 'Credit sale');
insert into invoices (id, business_id, customer_id, external_id, invoice_number, amount, amount_paid, currency, issue_date, due_date, status, notes) values ('1cd68ff6-f41d-44e6-a444-f2075bf2eb5b', 'b5a984fa-8b29-4b6b-9685-0726aa1416d8', '76223c71-ba54-4535-bf27-2881ad7361c8', 'ZOHO-INV-0002', 'INV-2026-0002', 172000, 0, 'INR', '2026-05-01', '2026-06-30', 'open', 'Monthly stock replenishment');
insert into invoices (id, business_id, customer_id, external_id, invoice_number, amount, amount_paid, currency, issue_date, due_date, status, notes) values ('9548a247-c869-4d24-b669-29be0bf32863', 'b5a984fa-8b29-4b6b-9685-0726aa1416d8', '76223c71-ba54-4535-bf27-2881ad7361c8', 'ZOHO-INV-0003', 'INV-2026-0003', 23000, 0, 'INR', '2026-04-16', '2026-07-15', 'open', 'Bulk order - festival season');
insert into invoices (id, business_id, customer_id, external_id, invoice_number, amount, amount_paid, currency, issue_date, due_date, status, notes) values ('021a8cdd-5f4c-4c2e-a878-5181026e5341', 'b5a984fa-8b29-4b6b-9685-0726aa1416d8', '0cee5428-944b-41b4-9479-d7b843f98e1f', 'ZOHO-INV-0004', 'INV-2026-0004', 99000, 99000, 'INR', '2026-07-30', '2026-04-01', 'paid', NULL);
insert into invoices (id, business_id, customer_id, external_id, invoice_number, amount, amount_paid, currency, issue_date, due_date, status, notes) values ('7a20730a-ade9-4b34-bc27-47f15b191ccd', 'b5a984fa-8b29-4b6b-9685-0726aa1416d8', '0cee5428-944b-41b4-9479-d7b843f98e1f', 'ZOHO-INV-0005', 'INV-2026-0005', 68000, 34000, 'INR', '2026-06-30', '2026-05-01', 'partial', 'Credit sale');
insert into invoices (id, business_id, customer_id, external_id, invoice_number, amount, amount_paid, currency, issue_date, due_date, status, notes) values ('d858bf70-638a-4f57-aafb-55f651ee0db5', 'b5a984fa-8b29-4b6b-9685-0726aa1416d8', '0cee5428-944b-41b4-9479-d7b843f98e1f', 'ZOHO-INV-0006', 'INV-2026-0006', 167000, 167000, 'INR', '2026-05-31', '2026-05-31', 'paid', NULL);
insert into invoices (id, business_id, customer_id, external_id, invoice_number, amount, amount_paid, currency, issue_date, due_date, status, notes) values ('155a3318-6ae4-4ae9-a050-029f47e78d9e', 'b5a984fa-8b29-4b6b-9685-0726aa1416d8', 'b1a787e4-87fe-4434-b172-3a86e83ee794', 'ZOHO-INV-0007', 'INV-2026-0007', 148000, 74000, 'INR', '2026-05-31', '2026-05-31', 'partial', NULL);
insert into invoices (id, business_id, customer_id, external_id, invoice_number, amount, amount_paid, currency, issue_date, due_date, status, notes) values ('b1b2e6c7-6fca-4ca1-a9d5-dd9eab7e4180', 'b5a984fa-8b29-4b6b-9685-0726aa1416d8', 'b1a787e4-87fe-4434-b172-3a86e83ee794', 'ZOHO-INV-0008', 'INV-2026-0008', 43000, 0, 'INR', '2026-04-16', '2026-07-15', 'open', 'Monthly stock replenishment');
insert into invoices (id, business_id, customer_id, external_id, invoice_number, amount, amount_paid, currency, issue_date, due_date, status, notes) values ('bd76a84f-7296-4694-b7c2-8499aa1fbc71', 'b5a984fa-8b29-4b6b-9685-0726aa1416d8', 'fc1e1ee1-2f7c-46d9-ab16-ac3d762e0c45', 'ZOHO-INV-0009', 'INV-2026-0009', 196000, 0, 'INR', '2026-05-01', '2026-06-30', 'open', NULL);
insert into invoices (id, business_id, customer_id, external_id, invoice_number, amount, amount_paid, currency, issue_date, due_date, status, notes) values ('655f9c5a-3f82-4fe0-b13e-9bc83983e25e', 'b5a984fa-8b29-4b6b-9685-0726aa1416d8', 'fc1e1ee1-2f7c-46d9-ab16-ac3d762e0c45', 'ZOHO-INV-0010', 'INV-2026-0010', 149000, 37250, 'INR', '2026-07-30', '2026-04-01', 'partial', 'Q1 supply order');
insert into invoices (id, business_id, customer_id, external_id, invoice_number, amount, amount_paid, currency, issue_date, due_date, status, notes) values ('c5eb0e60-9236-4032-9991-fb92e95aa5b1', 'b5a984fa-8b29-4b6b-9685-0726aa1416d8', '9f18e179-551b-49db-bada-14769214d70a', 'ZOHO-INV-0011', 'INV-2026-0011', 193000, 0, 'INR', '2026-04-16', '2026-07-15', 'open', 'Q1 supply order');
insert into invoices (id, business_id, customer_id, external_id, invoice_number, amount, amount_paid, currency, issue_date, due_date, status, notes) values ('013e6146-8a0c-4b5f-8cb7-c25eef035085', 'b5a984fa-8b29-4b6b-9685-0726aa1416d8', '9f18e179-551b-49db-bada-14769214d70a', 'ZOHO-INV-0012', 'INV-2026-0012', 19000, 19000, 'INR', '2026-07-30', '2026-04-01', 'paid', 'Credit sale');
insert into invoices (id, business_id, customer_id, external_id, invoice_number, amount, amount_paid, currency, issue_date, due_date, status, notes) values ('92fca4d0-580b-4f6b-97c6-d7a2c6f3cd3a', 'b5a984fa-8b29-4b6b-9685-0726aa1416d8', '4676ec51-69b6-4b79-b2f6-766d47fcb93a', 'ZOHO-INV-0013', 'INV-2026-0013', 173000, 0, 'INR', '2026-08-24', '2026-03-07', 'open', 'Q1 supply order');
insert into invoices (id, business_id, customer_id, external_id, invoice_number, amount, amount_paid, currency, issue_date, due_date, status, notes) values ('ddd97df2-c460-42f2-b85c-8169313bde50', 'b5a984fa-8b29-4b6b-9685-0726aa1416d8', '4676ec51-69b6-4b79-b2f6-766d47fcb93a', 'ZOHO-INV-0014', 'INV-2026-0014', 123000, 61500, 'INR', '2026-05-16', '2026-06-15', 'partial', 'Credit sale');
insert into invoices (id, business_id, customer_id, external_id, invoice_number, amount, amount_paid, currency, issue_date, due_date, status, notes) values ('cba9f1c4-91e9-4485-90c4-89b5901d15e1', 'b5a984fa-8b29-4b6b-9685-0726aa1416d8', '4676ec51-69b6-4b79-b2f6-766d47fcb93a', 'ZOHO-INV-0015', 'INV-2026-0015', 100000, 0, 'INR', '2026-04-16', '2026-07-15', 'open', 'Bulk order - festival season');
insert into invoices (id, business_id, customer_id, external_id, invoice_number, amount, amount_paid, currency, issue_date, due_date, status, notes) values ('9eccbca1-f18d-441f-ba62-5f639f39327e', 'b5a984fa-8b29-4b6b-9685-0726aa1416d8', '22695f4f-bb7f-4043-b628-20beafccc446', 'ZOHO-INV-0016', 'INV-2026-0016', 185000, 46250, 'INR', '2026-07-30', '2026-04-01', 'partial', 'Advance order');
insert into invoices (id, business_id, customer_id, external_id, invoice_number, amount, amount_paid, currency, issue_date, due_date, status, notes) values ('dffd78c4-087f-4ed9-8733-fbaa118c03d5', 'b5a984fa-8b29-4b6b-9685-0726aa1416d8', '22695f4f-bb7f-4043-b628-20beafccc446', 'ZOHO-INV-0017', 'INV-2026-0017', 185000, 0, 'INR', '2026-04-16', '2026-07-15', 'open', 'Monthly stock replenishment');
insert into invoices (id, business_id, customer_id, external_id, invoice_number, amount, amount_paid, currency, issue_date, due_date, status, notes) values ('6ad7dea6-5052-447f-82b2-46af8a1aac67', 'b5a984fa-8b29-4b6b-9685-0726aa1416d8', '22695f4f-bb7f-4043-b628-20beafccc446', 'ZOHO-INV-0018', 'INV-2026-0018', 75000, 37500, 'INR', '2026-05-16', '2026-06-15', 'partial', 'Q1 supply order');
insert into invoices (id, business_id, customer_id, external_id, invoice_number, amount, amount_paid, currency, issue_date, due_date, status, notes) values ('f2a730a5-a92e-4115-bcb4-2bd64e0e130e', 'b5a984fa-8b29-4b6b-9685-0726aa1416d8', '7a02fd22-127d-46b3-8576-a061cc8b5c20', 'ZOHO-INV-0019', 'INV-2026-0019', 184000, 0, 'INR', '2026-05-01', '2026-06-30', 'open', 'Bulk order - festival season');
insert into invoices (id, business_id, customer_id, external_id, invoice_number, amount, amount_paid, currency, issue_date, due_date, status, notes) values ('87e50da0-8f5d-4be5-a360-e21e847b0cb7', 'b5a984fa-8b29-4b6b-9685-0726aa1416d8', '7a02fd22-127d-46b3-8576-a061cc8b5c20', 'ZOHO-INV-0020', 'INV-2026-0020', 29000, 0, 'INR', '2026-05-31', '2026-05-31', 'open', 'Credit sale');
insert into invoices (id, business_id, customer_id, external_id, invoice_number, amount, amount_paid, currency, issue_date, due_date, status, notes) values ('073c21a8-ea43-412d-89ef-b107a2bbec2b', 'b5a984fa-8b29-4b6b-9685-0726aa1416d8', 'b3c0b3bc-8c8d-4c1c-ae64-955515ca6a82', 'ZOHO-INV-0021', 'INV-2026-0021', 17000, 8500, 'INR', '2026-06-30', '2026-05-01', 'partial', 'Monthly stock replenishment');
insert into invoices (id, business_id, customer_id, external_id, invoice_number, amount, amount_paid, currency, issue_date, due_date, status, notes) values ('99c98c72-705a-4750-a796-259c6b0f993b', 'b5a984fa-8b29-4b6b-9685-0726aa1416d8', 'b3c0b3bc-8c8d-4c1c-ae64-955515ca6a82', 'ZOHO-INV-0022', 'INV-2026-0022', 123000, 0, 'INR', '2026-05-01', '2026-06-30', 'open', 'Q1 supply order');
insert into invoices (id, business_id, customer_id, external_id, invoice_number, amount, amount_paid, currency, issue_date, due_date, status, notes) values ('01e160ad-1b47-4fe3-b59b-9c0add92f15d', 'b5a984fa-8b29-4b6b-9685-0726aa1416d8', 'b3c0b3bc-8c8d-4c1c-ae64-955515ca6a82', 'ZOHO-INV-0023', 'INV-2026-0023', 157000, 0, 'INR', '2026-08-24', '2026-03-07', 'open', NULL);
insert into invoices (id, business_id, customer_id, external_id, invoice_number, amount, amount_paid, currency, issue_date, due_date, status, notes) values ('c276a88e-c77c-48d2-896b-fb92a89422f5', 'b5a984fa-8b29-4b6b-9685-0726aa1416d8', 'b3c0b3bc-8c8d-4c1c-ae64-955515ca6a82', 'ZOHO-INV-0024', 'INV-2026-0024', 133000, 0, 'INR', '2026-05-31', '2026-05-31', 'open', 'Q1 supply order');
insert into invoices (id, business_id, customer_id, external_id, invoice_number, amount, amount_paid, currency, issue_date, due_date, status, notes) values ('cc01ccde-ee47-4425-9fd9-f5baea3b14e8', 'b5a984fa-8b29-4b6b-9685-0726aa1416d8', 'b3fa3a38-b183-4d32-b4f1-00ad0d8bb9ca', 'ZOHO-INV-0025', 'INV-2026-0025', 110000, 0, 'INR', '2026-05-01', '2026-06-30', 'open', 'Bulk order - festival season');
insert into invoices (id, business_id, customer_id, external_id, invoice_number, amount, amount_paid, currency, issue_date, due_date, status, notes) values ('3a995dfb-626f-41ee-949f-c6fe23969bf2', 'b5a984fa-8b29-4b6b-9685-0726aa1416d8', 'b3fa3a38-b183-4d32-b4f1-00ad0d8bb9ca', 'ZOHO-INV-0026', 'INV-2026-0026', 107000, 0, 'INR', '2026-05-01', '2026-06-30', 'open', NULL);
insert into invoices (id, business_id, customer_id, external_id, invoice_number, amount, amount_paid, currency, issue_date, due_date, status, notes) values ('a9394c90-db4e-417c-8748-9a44d64fa17b', 'b5a984fa-8b29-4b6b-9685-0726aa1416d8', 'b3fa3a38-b183-4d32-b4f1-00ad0d8bb9ca', 'ZOHO-INV-0027', 'INV-2026-0027', 106000, 26500, 'INR', '2026-06-30', '2026-05-01', 'partial', NULL);

-- Payments
insert into payments (id, business_id, invoice_id, amount, paid_at, payment_method, reference) values ('2222f16d-49a0-460a-abc1-8954cc628c8a', 'b5a984fa-8b29-4b6b-9685-0726aa1416d8', 'fe848da1-430e-45bd-a408-b87429d6c3a5', 22750, '2026-06-07T14:36:59.701Z', 'upi', 'UTR883167932474');
insert into payments (id, business_id, invoice_id, amount, paid_at, payment_method, reference) values ('cf525efa-7076-47a6-bba3-4dad57d7ca6a', 'b5a984fa-8b29-4b6b-9685-0726aa1416d8', '021a8cdd-5f4c-4c2e-a878-5181026e5341', 99000, '2026-06-08T14:36:59.701Z', 'cheque', 'UTR552703150059');
insert into payments (id, business_id, invoice_id, amount, paid_at, payment_method, reference) values ('74b1c7ed-66a7-4ef5-9431-339b84686f0b', 'b5a984fa-8b29-4b6b-9685-0726aa1416d8', '7a20730a-ade9-4b34-bc27-47f15b191ccd', 34000, '2026-06-08T14:36:59.701Z', 'cash', 'UTR646721142476');
insert into payments (id, business_id, invoice_id, amount, paid_at, payment_method, reference) values ('575edd33-ffc1-440e-be5c-88b8d03e8b7a', 'b5a984fa-8b29-4b6b-9685-0726aa1416d8', 'd858bf70-638a-4f57-aafb-55f651ee0db5', 167000, '2026-06-10T14:36:59.701Z', 'cheque', 'UTR149303762087');
insert into payments (id, business_id, invoice_id, amount, paid_at, payment_method, reference) values ('a3879008-ca52-4376-a8e0-a167de1e114e', 'b5a984fa-8b29-4b6b-9685-0726aa1416d8', '155a3318-6ae4-4ae9-a050-029f47e78d9e', 74000, '2026-06-14T14:36:59.701Z', 'cheque', 'UTR458740281106');
insert into payments (id, business_id, invoice_id, amount, paid_at, payment_method, reference) values ('453f2018-baa4-4c73-99ab-5d6ee20e6dda', 'b5a984fa-8b29-4b6b-9685-0726aa1416d8', '655f9c5a-3f82-4fe0-b13e-9bc83983e25e', 37250, '2026-06-06T14:36:59.701Z', 'cheque', 'UTR166915439678');
insert into payments (id, business_id, invoice_id, amount, paid_at, payment_method, reference) values ('bd4a30ae-9685-4a82-aba6-e4c90fe86daa', 'b5a984fa-8b29-4b6b-9685-0726aa1416d8', '013e6146-8a0c-4b5f-8cb7-c25eef035085', 19000, '2026-06-06T14:36:59.701Z', 'cheque', 'UTR314690389098');
insert into payments (id, business_id, invoice_id, amount, paid_at, payment_method, reference) values ('83038405-e7d4-48f9-bd7d-61dca7cb1d0d', 'b5a984fa-8b29-4b6b-9685-0726aa1416d8', 'ddd97df2-c460-42f2-b85c-8169313bde50', 61500, '2026-06-11T14:36:59.701Z', 'bank_transfer', 'UTR419730407097');
insert into payments (id, business_id, invoice_id, amount, paid_at, payment_method, reference) values ('efab082c-d329-4224-9b09-d96b61ce9356', 'b5a984fa-8b29-4b6b-9685-0726aa1416d8', '9eccbca1-f18d-441f-ba62-5f639f39327e', 46250, '2026-06-08T14:36:59.701Z', 'bank_transfer', 'UTR370439071159');
insert into payments (id, business_id, invoice_id, amount, paid_at, payment_method, reference) values ('9f2febde-91b6-44bc-a897-4d097ed75802', 'b5a984fa-8b29-4b6b-9685-0726aa1416d8', '6ad7dea6-5052-447f-82b2-46af8a1aac67', 37500, '2026-06-06T14:36:59.701Z', 'upi', 'UTR259266187516');
insert into payments (id, business_id, invoice_id, amount, paid_at, payment_method, reference) values ('c9300b1b-bccf-4cbe-a851-e7b9cc866c96', 'b5a984fa-8b29-4b6b-9685-0726aa1416d8', '073c21a8-ea43-412d-89ef-b107a2bbec2b', 8500, '2026-06-09T14:36:59.701Z', 'cheque', 'UTR771746114198');
insert into payments (id, business_id, invoice_id, amount, paid_at, payment_method, reference) values ('67abdb30-d98d-4650-a9d2-f747d17797d4', 'b5a984fa-8b29-4b6b-9685-0726aa1416d8', 'a9394c90-db4e-417c-8748-9a44d64fa17b', 26500, '2026-06-14T14:36:59.701Z', 'upi', 'UTR469301055923');
